Max,Min,Mean,Std,RMS,Skewness,Kurtosis,Crest Factor,Form Factor,Fault
0.371,-0.369,-0.002705712890625,0.0758472464352899,0.075893641205246,0.0072411221511905,0.3851698490402424,4.888420085111886,-28.04940667142078,0
0.371,-0.371,-0.0023691894531249,0.0771869361636982,0.0772214041809126,-0.0178884393943566,0.3498059404932365,4.8043674410637385,-32.5940182111888,0
0.359,-0.374,-0.002247265625,0.07666323828565,0.0766942979108046,-0.01148614482609,0.3971185664378138,4.68092165622947,-34.127829419721856,0
0.354,-0.515,-0.00190322265625,0.0766727041333759,0.0766944507088436,0.0193925830973231,0.4539194590334494,4.615718565400457,-40.29715097021699,0
0.352,-0.383,-0.00254072265625,0.0764031330767769,0.0764435019107249,-0.002604736735485,0.4618041159763959,4.604707937256534,-30.08730674427578,0
0.376,-0.339,-0.0021406249999999,0.0780355458326466,0.0780629960202415,-0.0074611245411948,0.3308209205522798,4.816622717151466,-36.46738500215665,0
0.388,-0.342,-0.002179296875,0.0773093794723251,0.0773382030839222,-0.0120229802903869,0.4266762051370043,5.016925458934809,-35.48768594637765,0
0.369,-0.378,-0.00211962890625,0.0769223463056036,0.0769496671177416,0.0229614046689767,0.3197850354776745,4.795342381863569,-36.3033674860942,0
0.41,-0.393,-0.002137548828125,0.0788890980785173,0.078916126547727,0.0208468637974836,0.5182775260781778,5.1953893067982655,-36.91898192423991,0
0.381,-0.347,-0.0016583007812499,0.077462261852294,0.0774781193910577,0.0178419473498974,0.4061263142843723,4.917517397098485,-46.72139111739188,0
0.378,-0.371,-0.001582275390625,0.076869956756645,0.0768843633144323,0.0021450691681548,0.4085101783298768,4.916474348029672,-48.591012519042536,0
0.32,-0.322,-0.002445703125,0.0773957608348076,0.0774325046310494,-0.0260116217200174,0.2117837918121279,4.132631399755652,-31.66063118599053,0
0.359,-0.442,-0.0022951171875,0.0776203498602228,0.0776523798079862,-0.0314589066715591,0.466021299585762,4.623168032811252,-33.83373199020421,0
0.354,-0.359,-0.00198408203125,0.0784282594789269,0.0784514380046663,-0.0124328052458738,0.389984147681456,4.512345586054701,-39.54042059200586,0
0.459,-0.457,-0.001492529296875,0.0774529228904233,0.0774654115733878,-0.0002756500096533,0.3978280416973798,5.9252250866202445,-51.90210452523909,0
0.408,-0.388,-0.0023976074218749,0.0769882481625134,0.077023694165436,-0.0003301123986988,0.3216380107284156,5.297071302808114,-32.125231788447344,0
0.315,-0.364,-0.002389208984375,0.0759919388810445,0.0760276339435002,-0.0139667524550772,0.3784225931641196,4.143230344825559,-31.82125734530024,0
0.369,-0.359,-0.002610693359375,0.0773599558845492,0.0774021077186976,-0.0049658593678434,0.3417654020622107,4.767312039370505,-29.64810380382157,0
0.349,-0.405,-0.001871240234375,0.07754280645789,0.0775634886747019,0.0131943564064884,0.4730966522160464,4.499539744320828,-41.45031046781037,0
0.374,-0.369,-0.001818896484375,0.0769836731158976,0.0770032787070825,-0.01310657824474,0.4468660189388966,4.856936045836198,-42.33516275861184,0
0.347,-0.386,-0.00182568359375,0.0763170184401897,0.0763369899534704,0.0152985551642915,0.4468173019889301,4.545633777432228,-41.81282573541255,0
0.449,-0.403,-0.001418310546875,0.0938353820602346,0.0938438095758219,0.1055747054759378,0.1963247601926543,4.784545747124924,-66.16591111346551,0
0.439,-0.449,-0.001833544921875,0.0954685422965229,0.0954838176018749,0.1077806908487784,0.1180710993750815,4.59763770475155,-52.07607212820961,0
0.481,-0.359,-0.00186904296875,0.0951781783176927,0.0951942047663288,0.1362683804038054,0.0792815480595297,5.052828595823666,-50.932057934437935,0
0.398,-0.369,-0.001331396484375,0.0928924205603001,0.0928996936279763,0.1233703007853629,0.079800480106758,4.284190662606705,-69.7761295889154,0
0.469,-0.532,-0.00207705078125,0.0931511046523726,0.093171984791567,0.0615631289338165,0.1832577235568799,5.033701933571441,-44.857827084754646,0
0.479,-0.376,-0.001468212890625,0.0952381553322767,0.095247146908139,0.1397715662559031,0.1774183485049274,5.029022028995479,-64.87284474637293,0
0.469,-0.547,-0.0010529296875,0.095052661091092,0.0950561722294047,0.1109960394110324,0.2858801582340509,4.933924741553177,-90.27779666380115,0
0.474,-0.415,-0.0024300292968749,0.0937677639747133,0.0937969577710779,0.107299676609374,0.1274551650780049,5.053468803933392,-38.59910573576217,0
0.559,-0.457,-0.001651953125,0.0959869545318456,0.0959988255746847,0.1105148536620354,0.3715602017746904,5.8229879027542015,-58.11231815350982,0
0.405,-0.374,-0.0011328613281249,0.0939879753632493,0.0939925079606581,0.1345083744515363,0.0566979698522609,4.308854064938012,-82.96912042732117,0
0.454,-0.474,-0.001769287109375,0.0949517056284798,0.0949658704626792,0.0728724270753009,0.2579456981063193,4.780664861892863,-53.67465232718838,0
0.452,-0.435,-0.001354931640625,0.0952022591130932,0.0952095763446848,0.1112991251215122,0.2209739295601118,4.747421607713447,-70.26891504339422,0
0.439,-0.371,-0.001291552734375,0.0942093091073678,0.0942158620515111,0.1172017388864335,0.1872272170104083,4.659512638752732,-72.94774695909221,0
0.503,-0.503,0.001530517578125,0.0954341684009938,0.0954441107218479,0.1593761616208462,0.2372285446824502,5.270099917069676,62.360675947789005,0
0.459,-0.442,-0.001719873046875,0.09418429526346,0.094197697948666,0.1019066595936211,0.2321104554573265,4.872730544329613,-54.7701460406178,0
0.42,-0.425,-0.001212841796875,0.0944630261265019,0.0944685057782982,0.079841394544029,0.1933758867239037,4.445926147976443,-77.89021290468814,0
0.447,-0.442,-0.00163671875,0.0941208627920004,0.0941327950581982,0.123739351746808,0.1275625171982293,4.748610723007207,-57.51311583508054,0
0.432,-0.413,-0.002514697265625,0.0937775688132623,0.0938089905551934,0.1552543470229337,0.1613381049551403,4.605102319546104,-37.30428781131167,0
0.378,-0.505,-0.001442041015625,0.0936088009106221,0.0936176224250307,0.0841235661180698,0.2370407422182525,4.037701345200293,-64.92022169317815,0
0.415,-0.398,-0.0011681640625,0.0937339358355939,0.0937389264293388,0.1225198604839691,0.1753579722190017,4.427189597832981,-80.24465863872511,0
0.444,-0.43,-0.0005888183593749,0.0939665847559961,0.0939661354911471,0.0934260260354281,0.16141582653337,4.7251065256571145,-159.58424868220368,0
0.913,-0.605,-0.00204482421875,0.1010827526317021,0.1011009657393909,0.1271330706559107,2.030163185103845,9.030576447246313,-49.44237495445642,0
0.762,-0.498,-0.00190771484375,0.0994358140035613,0.0994516852311337,0.1246891850540553,1.3497120254639334,7.662011943076185,-52.13131593380133,0
0.85,-0.723,-0.001864404296875,0.1000739436687331,0.1000888665195678,0.0450228872145906,1.6616013838834212,8.492453052546265,-53.68409989578478,0
0.64,-0.605,-0.001106201171875,0.0977181415993934,0.0977220171044024,-0.0018781126996475,1.1128392814814374,6.549189414666385,-88.34018584410339,0
0.808,-0.784,-0.001783984375,0.1000243654936661,0.1000378317109957,0.0507491591515081,2.046950863717683,8.076944353754802,-56.07550890741165,0
0.769,-0.649,-0.001116064453125,0.1024763460026409,0.10247992157575,0.0642575369984724,1.5924614700775352,7.503908943095539,-91.82258362301968,0
1.035,-0.613,-0.002034619140625,0.1032710115379195,0.103288531560639,0.0761562612394532,2.049281061319115,10.020473564312104,-50.76553616266019,0
0.742,-0.911,-0.00087021484375,0.1028156287718682,0.1028168012968029,-0.0632604039955416,2.7247564270647056,7.216719355604701,-118.15105434623068,0
0.696,-0.818,-0.000872216796875,0.1038895747040197,0.1038906997292557,0.0528007705055918,1.4178376517486075,6.69934846732008,-119.11109726558568,0
0.708,-0.737,-0.00116884765625,0.1011969539255167,0.1012012334333801,-0.0098851145473179,1.2001850140422334,6.995962163505348,-86.58205617493631,0
0.654,-0.723,-0.001185205078125,0.0995934272449001,0.0995980478853783,0.0475632683588239,1.233204275334515,6.566393758566942,-84.03444241307417,0
0.933,-0.615,-0.0022097167968749,0.1029344721425683,0.1029556751467439,0.0755549147543112,1.4314318866239777,9.062152219099955,-46.59224896708247,0
0.608,-0.664,-0.0017083007812499,0.0991823773224356,0.099194666860642,-0.027270362230667,1.0611716971161576,6.129361781658842,-58.06627729108639,0
0.586,-0.664,-0.0015099121093749,0.1011824417441222,0.1011912370468813,0.0422611337243592,1.129001869636709,5.791015280587088,-67.01796509782783,0
0.601,-0.498,-0.0024576171875,0.0984893458117457,0.09851759985134,0.0532836467780327,1.0162541271696153,6.1004328252707145,-40.08663365166184,0
0.586,-0.566,-0.001836572265625,0.1004396313087956,0.1004539693151638,-0.0179756527043446,1.1971879219686272,5.833517620010477,-54.696442495269046,0
0.659,-0.835,-0.001649462890625,0.10168595442112,0.1016968493608424,-0.0997427362019639,2.220295179442595,6.480043424567908,-61.65452399011436,0
0.667,-0.605,-0.0020966796875,0.1007791591384697,0.100798507243411,0.0891385413788598,1.4030852443613684,6.6171614862242905,-48.07530107929807,0
0.737,-0.718,-0.0025177734375,0.1014574156208195,0.1014861751668669,-0.017558650797561,1.9090754892715456,7.262072876312463,-40.307906047192525,0
0.574,-0.706,-0.001227001953125,0.1006828979186317,0.1006879163263428,0.0480358028251541,1.2768835793060065,5.700783380396808,-82.06011088238697,0
0.95,-0.762,-0.001203173828125,0.1012761960859142,0.1012808703421609,0.0779910808381723,2.111678718361433,9.379856203748831,-84.17808630361823,0
0.229,-0.237,-0.0030429199218749,0.055187672066079,0.0552701528396826,-0.0021982557123802,0.0723509237754695,4.143285086694815,-18.16352525163594,0
0.217,-0.244,-0.003332080078125,0.0558630130806614,0.055960938263472,-0.0018687849066052,0.2159618103073577,3.877704819356912,-16.79459585345916,0
0.256,-0.244,-0.003249365234375,0.0564126389549922,0.0565047681028723,0.007489362583989,0.1646278859792578,4.530591109301213,-17.389478875784405,0
0.212,-0.337,-0.00324775390625,0.0545205860771918,0.0546159049207508,-0.0464187854623504,0.2487061460162305,3.881653161430129,-16.816515812866133,0
0.22,-0.259,-0.002928271484375,0.0544323200518263,0.054509701598517,-0.0003660007532512,0.0930881875187168,4.035978799157196,-18.61497538372929,0
0.264,-0.244,-0.002785498046875,0.0563406114616624,0.0564080535549612,-0.0046546024575186,0.1046238916562609,4.680182764022718,-20.250616803786457,0
0.229,-0.237,-0.00332158203125,0.0557017232216292,0.0557993134268357,-0.0090481320998055,0.1690375880156054,4.103993148594304,-16.79901712553429,0
0.261,-0.239,-0.0034055175781249,0.0540505788164182,0.0541564397897713,-0.0432726723560963,0.1248721799159064,4.819371454496827,-15.902557701548735,0
0.229,-0.286,-0.002831982421875,0.0561972326198043,0.0562671740275524,-0.0270751674900488,0.0927510308185999,4.0698685149509215,-19.868475733793247,0
0.266,-0.264,-0.002856396484375,0.0561655812862273,0.0562367983640105,-0.0263040003713212,0.0923860500491535,4.729998999555961,-19.68802253876024,0
0.266,-0.266,-0.002699560546875,0.0564474549598661,0.0565105938457283,0.0150910649427769,0.1883355265346225,4.707082015916682,-20.93325667807111,0
0.2,-0.242,-0.0031944335937499,0.0553674150579491,0.0554581407107536,-0.0005592576702121,0.0780637348041981,3.60632357011599,-17.360868236315532,0
0.3,-0.229,-0.00334443359375,0.0555452200161753,0.0556444611321513,-0.0044165208687272,0.1905892498059329,5.391372185050422,-16.637932723836528,0
0.217,-0.251,-0.0031879882812499,0.055777333264112,0.0558670051606939,-0.0394462665628854,0.1211870177051044,3.8842246756529857,-17.52421910998639,0
0.225,-0.271,-0.00245458984375,0.055226353165114,0.0552795276017713,-0.0152996265967001,0.1436835300933947,4.070222915450353,-22.520881744266504,0
0.215,-0.276,-0.002854638671875,0.0552564111498308,0.0553287524674953,0.0016112593139534,0.0404967930443853,3.885863866645259,-19.38205104996844,0
0.286,-0.242,-0.00255341796875,0.0547388392507796,0.0547970269280756,0.0418441960787085,0.174449438759539,5.21926126348774,-21.46026525962806,0
0.217,-0.21,-0.0031750976562499,0.0543537927549245,0.0544451262955992,-0.0382358645606805,0.0235830343844627,3.98566437006392,-17.147543852210994,0
0.259,-0.303,-0.003003466796875,0.0550100465163253,0.0550906368767359,-0.0471404257626445,0.1791294714824269,4.701343362203396,-18.342349225919776,0
0.247,-0.281,-0.0031281738281249,0.0552574725980899,0.0553445991782678,0.018425924477317,0.1180735832337882,4.46294676747771,-17.692302991819645,0
0.247,-0.234,-0.00299072265625,0.0546080012662993,0.0546885053479019,-0.0189104926155178,0.0471641009286316,4.516488399686641,-18.286050441225008,0
0.789,-0.781,-0.00187392578125,0.1621173879832644,0.1621242603105716,-0.0763747024220193,2.539286073441117,4.866637469855285,-86.51583853146353,1
0.803,-0.723,-0.001712353515625,0.1558205693427299,0.1558261737820283,-0.0873987716450207,2.4635523573163365,5.153177932246781,-91.00117023741592,1
0.879,-0.725,-0.002833154296875,0.1567681990090143,0.1567899708868622,-0.0823485936712218,2.3972977197430207,5.606225927768528,-55.34113375321751,1
0.784,-0.754,-0.0020725097656249,0.1541663482061965,0.1541765147649865,-0.0508360455344751,2.3804683204548365,5.085080572712792,-74.39121268434268,1
0.854,-0.698,-0.00195458984375,0.1550191285290322,0.1550276660667177,-0.0797432603537289,2.3851982462461407,5.508694168384579,-79.31467901689682,1
0.842,-0.703,-0.001620458984375,0.1547948523124746,0.1547995549000888,-0.0451435560954436,2.325724162673158,5.439292125506729,-95.52821539620392,1
0.771,-0.701,-0.002097900390625,0.1450570180607677,0.1450686467016887,-0.1809126333269452,2.2598766452049173,5.314725252696695,-69.1494445351003,1
0.74,-0.706,-0.00146015625,0.1425089584442058,0.1425129595943602,-0.0843415553925301,2.398042660644508,5.19251022578079,-97.6011708297384,1
0.793,-0.657,-0.0018147460937499,0.1480814122398347,0.148088916688906,-0.0547603109567233,2.157984867419695,5.354890951534707,-81.60310535943593,1
0.72,-0.837,-0.00204130859375,0.1452602183475339,0.1452710145754522,-0.1653814550227927,2.2039511839944126,4.956253675959837,-71.16563121334882,1
0.715,-0.713,-0.0016679199218749,0.1439102877918736,0.1439164398197462,-0.0942732753960351,2.0266573535570096,4.968160697245776,-86.28498163027028,1
0.706,-0.684,-0.0016946777343749,0.1397202554523668,0.1397271215829603,-0.103658386878502,2.3421195712344822,5.052705530621168,-82.45055608433537,1
0.671,-0.706,-0.00212197265625,0.1394083714964015,0.1394211169499172,-0.1211298377334126,1.9861184728747008,4.812757311656283,-65.7035407780916,1
0.669,-0.706,-0.001689892578125,0.1397567699931285,0.1397635746076544,-0.1608134780952301,2.071157094961668,4.78665490545747,-82.70559704021387,1
0.703,-0.74,-0.001796484375,0.1424130952855725,0.1424209491536006,-0.0763905906678803,1.9993406419403768,4.936071583414432,-79.27758856995382,1
0.71,-0.781,-0.0019873046875,0.1385573741801749,0.1385682427908943,-0.1446500334821218,2.2246541528846784,5.1238291379029866,-69.72672266234683,1
0.715,-0.71,-0.002184619140625,0.1405817791552381,0.1405953206527625,-0.1316617080538591,2.0879119727685627,5.085517758915192,-64.3569023260226,1
0.757,-0.676,-0.001386962890625,0.1344742768534748,0.1344781462772739,-0.0683630332553693,2.513775218086761,5.629167422037324,-96.958719794352,1
0.693,-0.674,-0.0020329101562499,0.140524273802913,0.1405355472436155,-0.0453136837923154,2.028932709914669,4.931136737943592,-69.13023028172282,1
0.745,-0.696,-0.001759912109375,0.1395464828801325,0.1395541734739036,-0.0913941081097122,2.1744102116861903,5.338428665046795,-79.29610389661087,1
0.701,-0.652,-0.001756591796875,0.1350863204071239,0.1350944430571512,-0.0877163020709536,2.222467824549825,5.18896250753589,-76.90713533872014,1
0.796,-0.691,-0.00252568359375,0.1356378122740255,0.135658014414925,-0.1733746910675034,2.1115664418455715,5.867696084400485,-53.71140500362803,1
0.796,-0.688,-0.001325390625,0.13496814836886,0.1349713608945199,-0.1034611100403456,2.2532846321843145,5.897547410980568,-101.83515587679666,1
0.605,-0.854,-0.0018705078125,0.1318868557188242,0.1318968998403677,-0.1824455491106154,2.279171161435721,4.586915998270011,-70.51395292708393,1
0.686,-0.635,-0.0018416015625,0.1285071739716093,0.128517231942841,-0.1313588320083729,1.94499229902498,5.337805597191071,-69.78557933474876,1
0.588,-0.676,-0.0017689453125,0.1258829761726479,0.125892331385047,-0.1075041076753871,1.9970547708004904,4.670657803624091,-71.16801774223703,1
0.703,-0.649,-0.001780029296875,0.1257539302789914,0.1257634577866445,-0.1225139772433429,1.908780381637844,5.589859028785825,-70.65246510685722,1
0.73,-0.72,-0.0021049316406249,0.1243456115823014,0.1243603911410929,-0.1335169903310169,2.07972799557563,5.870036217333696,-59.08048923820046,1
0.64,-0.681,-0.001952197265625,0.1227361444339101,0.1227486727827306,-0.0786829126362906,1.8494713082678784,5.213905661797435,-62.87718712864419,1
0.903,-0.662,-0.001862158203125,0.1205006564996105,0.1205121024864437,-0.0778738950427011,1.835867117334916,7.493023367520927,-64.7163609859813,1
0.671,-0.605,-0.0020005859375,0.1166489405877715,0.1166632473457258,-0.1192959456997606,1.4943461565538003,5.751597141913292,-58.31453933516704,1
0.615,-0.833,-0.001382373046875,0.117917952490452,0.1179231764205381,-0.1091511032794974,1.773079551503927,5.215259787497447,-85.30488690235674,1
0.618,-0.588,-0.0022670410156249,0.1128385983276846,0.1128586152715672,-0.0758506231344731,1.4241761501000436,5.475877924896837,-49.78234381015523,1
0.579,-0.583,-0.0016829101562499,0.1124813193834533,0.1124911624132924,-0.1629677297357754,1.5518503277344564,5.147071001655705,-66.84323699368161,1
0.645,-0.53,-0.0016341796875,0.1113189948433385,0.1113282717104296,-0.1000012972522313,1.3305358625917083,5.793676575503453,-68.12486568153457,1
0.596,-0.603,-0.002172265625,0.1110989101330404,0.1111174328659493,-0.1641711032313633,1.386257312294796,5.363694828326416,-51.15278333695922,1
0.603,-0.61,-0.001450927734375,0.1108607169978996,0.1108675049873017,-0.1888763341926044,1.6088927128728772,5.438924598051204,-76.41145893117749,1
0.601,-0.623,-0.0013730957031249,0.110166072420952,0.1101719397071147,-0.1317230207591079,1.368530362035976,5.45510954602162,-80.23616959573664,1
0.549,-0.547,-0.0017462890625,0.1100239047573127,0.1100350765274703,-0.1547749109881829,1.2734508655690604,4.9893181095115775,-63.01080324579443,1
0.544,-0.557,-0.001215673828125,0.1070026672463219,0.1070069605194418,-0.1515854487123722,1.2216684710473018,5.0837814414994265,-88.02275581146998,1
0.491,-0.537,-0.001424169921875,0.1072780118047612,0.1072848457833893,-0.1501977646144743,1.0729072289195625,4.576601629193194,-75.33149249644502,1
0.591,-0.715,-0.0021705566406249,0.1077985701547623,0.1078177890459901,-0.1398698918788942,1.232737896045795,5.481470221466947,-49.6728751639232,1
0.574,-0.513,-0.0019828613281249,0.1057210052586263,0.1057370178478633,-0.1133339126809318,1.152481866865088,5.428562405891598,-53.3254728145052,1
0.522,-0.647,-0.001585400390625,0.1038430399867745,0.1038526066885931,-0.1402989663269077,0.9428542508502455,5.026354336634429,-65.505601804256,1
0.569,-0.649,-0.00153046875,0.1067814816705143,0.1067898422611263,-0.1276186015804722,1.1750946433876177,5.328222122556007,-69.77590510170583,1
0.53,-0.513,-0.001611572265625,0.1052877638258801,0.1052975265226913,-0.1383866411642951,0.8795437616464787,5.033356599176968,-65.3383833717533,1
0.518,-0.491,-0.0022591796875,0.1042246903901805,0.1042466285800768,-0.0998780834018986,1.0327837955737245,4.968985635848158,-46.1435755450846,1
0.483,-0.522,-0.00125029296875,0.1034585143547967,0.1034635432660038,-0.1243242902991161,0.9999645950432128,4.668311027761839,-82.75143974411306,1
0.554,-0.488,-0.0019775390624999,0.1030150080464261,0.1030314727401292,-0.0875112602809953,0.9080630258299912,5.376997778118967,-52.10085337574934,1
0.483,-0.532,-0.0018998046875,0.0993086661002768,0.0993244122418426,-0.1187010168817476,0.7714243952701385,4.862852838473938,-52.2813807626436,1
0.488,-0.542,-0.001654345703125,0.1027602478784089,0.1027710552389235,-0.0743524537496981,0.9264570996282524,4.74841869498655,-62.12187394979942,1
0.615,-0.693,-0.001315185546875,0.1015044434134881,0.1015104854786409,-0.1111392382762139,0.96633658410828,6.058487427187052,-77.18339493605221,1
0.483,-0.483,-0.0019162597656249,0.100485294292917,0.1005011113802821,-0.1207628551750403,0.6648566579120776,4.8059170029711975,-52.446496650991925,1
0.4,-0.471,-0.0018317871093749,0.0993654483909367,0.099379905784963,-0.1101595129484234,0.7484463836657285,4.024958535033379,-54.25297802148589,1
0.486,-0.535,-0.002060205078125,0.1025889260913997,0.1026071065304293,-0.06994174420402,0.8218511761109792,4.736514033322545,-49.80431687112063,1
0.376,-0.542,-0.0015675781249999,0.1000025011826163,0.1000123454293581,-0.1563282351245501,0.6523591291063635,3.75953586915508,-63.80054928959802,1
0.474,-0.518,-0.00192919921875,0.1027505548132122,0.1027661559682953,-0.0664864730410207,0.6407955853810487,4.612413450068475,-53.2688148375269,1
0.483,-0.469,-0.0019720703125,0.1007756068544011,0.100792440754658,-0.0538031761386302,0.6881669025445687,4.792026032742724,-51.109963025042006,1
0.481,-0.5,-0.0019321289062499,0.1007011683732753,0.1007172442099663,-0.0430351405111625,0.8689953897478362,4.77574623663505,-52.12760074349534,1
0.547,-0.52,-0.001690673828125,0.1021142533598052,0.1021257556677213,-0.0679723154015972,0.811835130390302,5.356141518107649,-60.40535670974538,1
0.52,-0.608,-0.00140625,0.1027484800797518,0.1027555945291119,-0.0659973154649061,0.7640049418345183,5.0605517138308,-73.07064499847958,1
0.439,-0.53,-0.001723974609375,0.103235334953453,0.1032472086014163,-0.0761637829031902,0.8301669762751582,4.251930933016798,-59.889054073045166,1
0.466,-0.559,-0.0017345703125,0.1047272030382488,0.1047390101820054,-0.0474094148779103,0.8669330758114335,4.449154132641024,-60.38326000809234,1
0.513,-0.535,-0.001966845703125,0.1054446396192172,0.1054604077719305,-0.0040603178508662,1.039600861804573,4.86438475668914,-53.61905491842651,1
0.557,-0.527,-0.00181650390625,0.1041628945924479,0.1041761897730234,-0.0332261691039402,0.9775319173236104,5.346711193926155,-57.34982975516156,1
0.525,-0.547,-0.00155751953125,0.1051203919496695,0.1051293636690946,-0.0079136839156197,0.8673521232761798,4.9938474054926365,-67.49794243974723,1
0.632,-0.493,-0.001738134765625,0.1030190463135439,0.1030311933670605,-0.010638500325721,0.9831995403849804,6.134064639515789,-59.276872774598985,1
0.493,-0.586,-0.0020634277343749,0.1061362045720574,0.1061536697968003,-0.0099003854152037,0.9642447753298836,4.644210614137994,-51.44530531812091,1
0.498,-0.532,-0.001852783203125,0.1057755629035909,0.1057892064492964,-0.0287171839966736,0.8519186844192883,4.707474578124239,-57.09745547717991,1
0.535,-0.486,-0.001682861328125,0.1062343938287687,0.1062451287945858,-0.0162941402435361,1.061255987687329,5.035524979543941,-63.1336207083452,1
0.486,-0.527,-0.0023161621093749,0.1063468982584582,0.1063695216990486,0.0236932782805705,0.9428764210719668,4.56897795756796,-45.92490364491443,1
0.576,-0.486,-0.001262841796875,0.10593308387294,0.1059380247498065,0.0419568431695838,1.0361632005340562,5.437141209309283,-83.88859555643343,1
0.481,-0.645,-0.002109326171875,0.1088962765828166,0.1089140454078783,0.0431027391957907,1.006776572161602,4.416326638117941,-51.63452047393106,1
0.508,-0.537,-0.002089306640625,0.1074086594776028,0.1074263562701648,0.0268949187713403,0.9068871803457426,4.728820911717783,-51.41722817576888,1
0.554,-0.54,-0.0015421874999999,0.1087187592785771,0.10872704274567,0.0806619307557686,1.0603545696118717,5.095328503469877,-70.50183116233922,1
0.591,-0.461,-0.002320263671875,0.1101813527073741,0.1102030913263808,0.0475961540652055,1.0301707022657904,5.362825968735092,-47.49593447598389,1
0.498,-0.63,-0.00259462890625,0.1098207415457342,0.109848707213888,-0.018424554747732,0.916052739774266,4.533508064235447,-42.336962696007134,1
0.459,-0.508,-0.0022509277343749,0.1085392998071921,0.1085599882319534,-0.0036354035066314,0.8931869313243754,4.228077097975388,-48.22899757023813,1
0.481,-0.5,-0.001853466796875,0.1097014070716708,0.109714385727428,-0.0064960635077652,0.848281623979878,4.384110586874044,-59.19414683468286,1
0.508,-0.505,-0.001722412109375,0.1102043755505645,0.1102151444955359,0.0320019566495908,0.9059697447366252,4.609166937313007,-63.9888351316393,1
0.535,-0.635,-0.00207275390625,0.1084120752738046,0.1084292418505324,0.0073191696796633,1.0122842708610325,4.934093339299439,-52.31168134508607,1
0.461,-0.542,-0.002813916015625,0.1087536321202084,0.1087873757162768,-0.0315149998834979,0.8320085701973237,4.237624053017991,-38.66049132675128,1
0.471,-0.505,-0.001585400390625,0.1094463542113424,0.1094551645955576,0.0212222295706965,0.8222930741404464,4.303131805067112,-69.0394459612868,1
0.488,-0.535,-0.0023180175781249,0.1102034177705955,0.1102251037029592,0.0081085277384022,0.8269563510962903,4.4273036142028905,-47.55145290663337,1
0.532,-0.61,-0.001716650390625,0.1100616629129199,0.1100723627838892,-0.0081599650969452,0.9084708488889331,4.833184157630042,-64.1204309188512,1
0.581,-0.537,-0.0021333984375,0.1104730749364999,0.1104909759288909,0.0049613938625755,0.879627827745582,5.258347979240551,-51.79106442881273,1
0.564,-0.564,-0.0018983398437499,0.1110688458003634,0.1110823561316107,0.0062909084348863,0.9099369898952698,5.077313982535362,-58.51552686803304,1
0.491,-0.527,-0.0020310546874999,0.1117952509987227,0.1118109702417712,-0.0330635650758196,0.7817483976428661,4.391340124661295,-55.05069407037876,1
0.618,-0.657,-0.001701220703125,0.1137686119874998,0.1137785534646825,0.0703429710398706,1.052112016993649,5.431603594712868,-66.8805365792227,1
0.62,-0.542,-0.0015712890625,0.1112047429041389,0.1112131285457679,-0.0532485151716763,1.0033177994866709,5.574881384124081,-70.7782744753675,1
0.576,-0.515,-0.002117041015625,0.1127813816354024,0.1127984965772067,0.0443649320279526,0.9862478404867367,5.106451038607128,-53.28120510877584,1
0.657,-0.613,-0.00217099609375,0.1375930833769539,0.1376068508837995,0.0117226228298179,1.4336477013618838,4.774471589025722,-63.3842001282042,1
0.627,-0.693,-0.0020646972656249,0.1371483160400195,0.1371605086274949,-0.0752793676306691,1.4273041972048397,4.571286635447141,-66.43129281520864,1
0.691,-0.737,-0.0016225585937499,0.135819182925699,0.1358255587946355,0.0082389365913104,1.5249259113539804,5.087407746613968,-83.7107265758091,1
0.625,-0.713,-0.0017740234375,0.1412752336545445,0.1412829227394892,-0.0611675312452147,1.3176026286859113,4.423747668020952,-79.6398287378823,1
0.774,-0.596,-0.001969189453125,0.1392334590845396,0.1392439846307889,-0.0380716587832225,1.6537288893365218,5.558588416241409,-70.71131952784737,1
0.652,-0.64,-0.002134130859375,0.1414795026066378,0.1414921439749946,-0.0040098893253534,1.3522060346138831,4.608029687607428,-66.29965700249137,1
0.718,-0.789,-0.002247119140625,0.1454477071524187,0.1454615141527455,-0.033339749584031,1.437558648016564,4.9360135165790044,-64.7324440983079,1
0.635,-0.669,-0.00166953125,0.1422597737385957,0.1422660970955923,-0.0529050612972474,1.4853535454212468,4.463466791904236,-85.21319807316713,1
0.671,-0.693,-0.00187568359375,0.1484769458926731,0.1484851683328801,-0.0914052479377008,1.620823143967498,4.518969857620559,-79.16322818392734,1
0.72,-0.674,-0.001901904296875,0.1473325278731989,0.1473412064003672,-0.0295395488057662,1.7896846992249609,4.886616701396884,-77.47035781057022,1
0.698,-0.693,-0.002075,0.1501966523159302,0.1502073183189238,-0.0267654972085281,1.6040517585662144,4.646910735187945,-72.38906906936087,1
0.71,-0.73,-0.00192333984375,0.1523520502211248,0.1523604708772505,-0.0330290326043782,1.810801100303367,4.660001350166559,-79.2166144596621,1
0.884,-0.671,-0.002055224609375,0.1579652181156697,0.1579747311244052,-0.031601049162409,1.7393804972418776,5.595831647935197,-76.8649472197814,1
0.818,-0.742,-0.001617919921875,0.1564215366094419,0.1564260849997831,-0.0602272523283978,2.042511386601019,5.229306864012701,-96.6834531702296,1
0.745,-0.769,-0.0012828125,0.1585495430856753,0.1585508618117542,-0.0504892281628051,1.721753271927967,4.698807634893404,-123.59628691781084,1
0.752,-0.662,-0.0018984375,0.161846507664109,0.161853690380676,-0.0607515548255962,1.6776130487569798,4.646171478891298,-85.25626489187874,1
0.803,-0.781,-0.0017682617187499,0.1632428382441497,0.1632484297158398,-0.0392463518565913,2.014299305970229,4.918883455098164,-92.32141825206828,1
0.95,-0.723,-0.00204306640625,0.1611688712184462,0.161177885703479,-0.0595577050334246,1.7970980504852123,5.8941088341841565,-78.89018448466256,1
0.791,-0.706,-0.002097509765625,0.1638508365828766,0.1638602615118576,-0.0527435246211672,1.9384792969903688,4.827283886293321,-78.12133425897629,1
0.75,-0.737,-0.002159423828125,0.1641305375759461,0.1641407356615524,-0.0785793540574569,1.7145933597208325,4.569249656261146,-76.01135706836841,1
0.764,-0.771,-0.0017100585937499,0.1652238661335897,0.1652286817872618,-0.0734182789922756,1.9823350628977887,4.623894542617477,-96.62164933479308,1
0.879,-0.845,-0.002062841796875,0.1666483318056572,0.1666570303692117,-0.0378669958367694,2.070375814319492,5.274304948628117,-80.79002016620012,1
0.793,-0.811,-0.00135634765625,0.1676573838459391,0.1676587770662298,-0.0511941569021875,2.181466011327464,4.729844830531857,-123.61047427159572,1
0.901,-0.781,-0.001411767578125,0.1664897893907791,0.1664917103029738,-0.0185437449854731,2.246139719607015,5.411680848015808,-117.93138819924964,1
0.859,-0.713,-0.001423291015625,0.164215977078354,0.1642181358516108,-0.0726217916515766,2.048265278551177,5.230847345485646,-115.37916985972042,1
0.818,-0.698,-0.0019080078124999,0.1702770173687919,0.1702835500051128,-0.0875667403520074,1.7635030581200928,4.803752329426062,-89.24677817854209,1
0.857,-0.837,-0.0013025390624999,0.1736244213604667,0.1736250683382695,-0.0285776227105444,1.9481747463296504,4.935923183225637,-133.29739839435297,1
0.737,-0.762,-0.0016712890624999,0.1729826984738246,0.1729865488809751,-0.0979575940446281,1.8533408002142413,4.260446865768153,-103.50486505441076,1
0.869,-0.796,-0.0019521484375,0.1732873710622049,0.173294136130417,-0.0940863573157176,1.9496935060750664,5.014595527606378,-88.77098319036868,1
0.771,-0.82,-0.0023975097656249,0.1684755422719141,0.1684884876155768,-0.0995443978297185,1.922931414017868,4.575980299372815,-70.27645519168681,1
0.745,-0.735,-0.002488720703125,0.1629103687349087,0.1629254003646588,-0.0899493245363424,1.853714454627985,4.572644893506749,-65.46552216971519,1
0.752,-0.652,-0.0012291015625,0.1610566958953056,0.1610574537796023,-0.1114045627896805,1.866485013446804,4.669141243404156,-131.0367334103868,1
0.779,-0.73,-0.001824755859375,0.1632454699332337,0.1632516828791992,-0.1450887730643338,1.885097468387091,4.771773168037931,-89.46494515442453,1
0.715,-0.791,-0.0028531249999999,0.1655599120758017,0.1655804530304868,-0.1021777647124611,2.041746564566848,4.318142551937296,-58.03476995592091,1
0.747,-0.811,-0.00159970703125,0.1713732285280802,0.1713765109228617,-0.0893757911927414,1.970093577798476,4.358823714973589,-107.12993540382786,1
0.706,-0.82,-0.0012562499999999,0.1615872200064641,0.1615881583228061,-0.170432555514674,1.6564867894928632,4.369132041158719,-128.62738970969642,1
0.781,-0.776,-0.00187587890625,0.1604789532385771,0.1604859989512325,-0.1038007753556741,1.98490345954953,4.866468134938834,-85.55243007239422,1
0.786,-0.769,-0.001698974609375,0.1626363748317165,0.1626412782795026,-0.1503210544017312,1.736723116337772,4.832721485681153,-95.72908116580584,1
0.767,-0.82,-0.002241943359375,0.1596591304925555,0.159670972878849,-0.2237975242094572,1.9295291429236936,4.803628274889792,-71.21989599387624,1
0.752,-0.754,-0.001975537109375,0.1652318441452766,0.1652396198931172,-0.167343692174723,1.6974521777379588,4.550966653677972,-83.64288329941525,1
0.728,-0.75,-0.00103154296875,0.163523838880701,0.1635231001934436,-0.1686785790474793,1.7968259315566666,4.45197038913031,-158.52281984103593,1
0.732,-0.715,-0.00214765625,0.1618027779322834,0.1618130805802639,-0.1542441164798454,1.8618057097530096,4.523738114218194,-75.34403169979552,1
0.798,-0.801,-0.001972119140625,0.1601356508866721,0.160143884736069,-0.1194663130774127,1.801971286881133,4.983018872779144,-81.2039604693034,1
0.789,-0.764,-0.001413232421875,0.15361879732013,0.1536215474273852,-0.2460536253992777,1.9892983929219896,5.135998258141159,-108.70225240344296,1
0.771,-0.75,-0.0022296875,0.1511710770722713,0.1511838291462169,-0.250395411318321,1.9092646305557728,5.099751768122834,-67.80494089248691,1
0.815,-0.776,-0.0015782226562499,0.1498116112246403,0.1498162667053589,-0.2005945179280468,2.009538558597475,5.439996723472266,-94.92720568423216,1
0.828,-0.815,-0.0016171875,0.1493300841571338,0.149335195075646,-0.2266262545890927,1.8511137549948025,5.544573732806758,-92.34253608542362,1
0.747,-0.825,-0.00231279296875,0.1498043863837296,0.1498185816975818,-0.2217490919657283,1.8242395078714075,4.9860303811169855,-64.77820700853935,1
0.774,-0.798,-0.0022666015625,0.1498494982649386,0.149862981364958,-0.1816201389900285,2.1432764874586763,5.164717750510348,-66.11792025752563,1
0.808,-0.881,-0.0019315917968749,0.1671765979469718,0.1671836753359254,-0.2521593336641364,2.348347019121247,4.833007758541435,-86.55228066634022,1
0.833,-0.891,-0.002054736328125,0.1699909025810762,0.1699991703506869,-0.2761664751374802,2.2074305166869346,4.900023913538082,-82.73527265944412,1
0.806,-0.991,-0.00287421875,0.1603453838455817,0.1603672281096187,-0.3113495649746337,2.1594451111692807,5.025964528420109,-55.79506713245774,1
0.828,-0.84,-0.00191337890625,0.1594208401200184,0.1594284300757122,-0.2830974288955863,2.31168912677225,5.193552991814475,-83.32297881770494,1
0.784,-0.84,-0.0015137695312499,0.1593955166095335,0.1593988131719461,-0.2260133335763384,1.9352285416630208,4.918480786643537,-105.29926113674787,1
0.742,-0.828,-0.0024787109375,0.1543560436403752,0.1543721764038333,-0.216671428880549,2.015869681520221,4.806565647289628,-62.27921701896043,1
0.715,-0.784,-0.0017747558593749,0.1502117186681988,0.150218535631478,-0.2369949947716125,1.9585373456563548,4.759732192797206,-84.64180289247172,1
0.92,-0.815,-0.00179677734375,0.1537811974261979,0.1537879396152174,-0.2184983885197066,2.3241493520322347,5.982263643702303,-85.59098329582184,1
0.725,-0.859,-0.0023980468749999,0.1555802333220098,0.1555949155158194,-0.2198816002454326,2.142691671133557,4.659535291346256,-64.88401754691284,1
0.862,-0.852,-0.002322119140625,0.1518861739378847,0.1519002160458161,-0.2739681121900501,2.4128183971386186,5.674777972270977,-65.4144799844043,1
0.742,-0.823,-0.00170625,0.1502323013287012,0.1502383227185436,-0.2639948099480587,2.702179313478476,4.938819780290428,-88.05176423064823,1
0.796,-0.762,-0.00189296875,0.1519698157948329,0.1519778949926805,-0.2527347199197599,2.342288065964637,5.237603797830838,-80.28547486200212,1
0.933,-0.862,-0.002693798828125,0.1554434190213257,0.1554629642453569,-0.2826208034768301,2.4545569348322225,6.001429372770145,-57.711423222188365,1
0.732,-0.771,-0.001788330078125,0.1559188597485211,0.155925308735615,-0.2351672972345669,2.2410451216376224,4.694555399221109,-87.19045250253642,1
0.854,-0.974,-0.002368701171875,0.1553284159120856,0.1553426839696373,-0.1282763132338964,2.616981432720097,5.497523141591395,-65.5813767536883,1
0.825,-0.859,-0.00072958984375,0.1544411761225011,0.154439128886594,-0.1713612731922058,2.7838582681511266,5.341910472739099,-211.67938425896432,1
0.798,-0.845,-0.001816064453125,0.1553469363837608,0.1553537588243663,-0.287436005752903,2.615615642277397,5.136663612382699,-85.54418790425676,1
0.845,-0.918,-0.0017677246093749,0.1636600866413954,0.1636656377093154,-0.2556644811600268,2.825891780866794,5.162965249313936,-92.58548353138634,1
0.85,-0.937,-0.00173779296875,0.1562405436288021,0.1562463933958757,-0.2770744845979768,2.985440867949541,5.440125570427641,-89.91082148770819,1
0.715,-0.894,-0.0022796875,0.145373135080875,0.145387459832554,-0.2866258358550806,2.500237689380217,4.9178931994787005,-63.77517086554801,1
0.703,-0.759,-0.00146767578125,0.1357464896729798,0.1357511096438303,-0.2550770883532338,1.8570143757369408,5.178594870012173,-92.49393590743382,1
0.698,-0.713,-0.002474609375,0.1319458837402355,0.1319658662069476,-0.1838805408101237,1.7279566054049835,5.289246530655155,-53.32795856192359,1
0.625,-0.598,-0.001737890625,0.1255706857465043,0.1255796458863358,-0.1890826580520856,1.1696134930952482,4.976921184868586,-72.25980972556073,1
0.588,-0.703,-0.002203955078125,0.1224884561886922,0.122505292655116,-0.1334259449703307,0.7574095647559664,4.79979262328993,-55.584296554418245,1
0.522,-0.601,-0.001060986328125,0.1219306751673217,0.1219323144479781,-0.121233715270475,0.8531864863979504,4.281063657023495,-114.92354916906405,1
0.571,-0.544,-0.0025202636718749,0.1188568332220869,0.1188806491412053,-0.0628602949572821,0.743859649451776,4.803136625892505,-47.16992530101495,1
0.532,-0.591,-0.0020763671875,0.1212168551846017,0.1212316783032337,0.0034632619597941,0.7442934840998023,4.388291966636987,-58.38643522834697,1
0.625,-0.569,-0.0019633300781249,0.1201851233036489,0.1201982247473808,0.015136456105805,0.6212989918180392,5.199744017131327,-61.221608167981294,1
0.608,-0.576,-0.001525341796875,0.1207044476892131,0.1207111384880373,-0.0381451471646286,0.6543193658314945,5.036817708916347,-79.13710798152964,1
0.566,-0.564,-0.0017869140624999,0.1260086458218831,0.1260182390847898,-0.0090773341769711,0.6509106261092437,4.491413339137154,-70.5228313601622,1
0.618,-0.679,-0.001989892578125,0.1288847652911115,0.1288969794014899,-0.0291820847258738,0.7075646173918302,4.79452662792854,-64.77584811283866,1
0.618,-0.73,-0.0015138183593749,0.1438621302484611,0.143866582650439,-0.0508858909355285,0.8908605263119278,4.295646623521948,-95.03556470925372,1
0.586,-0.708,-0.002479931640625,0.1530480354175395,0.1530643899497957,-0.112274313230065,0.942608020761778,3.828454157052498,-61.721213376357404,1
0.774,-0.837,-0.002098828125,0.1662327985866133,0.1662419896448961,-0.1538127349533901,1.3476041295624963,4.655863429289526,-79.20705257601601,1
0.73,-0.75,-0.001779248046875,0.1754502717032247,0.1754550098972579,-0.1958229203433588,1.1828831749945348,4.16061074817681,-98.61188843535338,1
0.806,-0.974,-0.0019341796875,0.182846096000727,0.1828518619483234,-0.147488596174966,1.38523420916147,4.407939801169687,-94.53716380646432,1
0.703,-0.767,-0.00182734375,0.1830431579441699,0.1830478103635939,-0.1855985310952925,1.233263615385514,3.8405266831851614,-100.17152512415574,1
0.71,-0.793,-0.0026587402343749,0.1843262387981246,0.1843409130301704,-0.1907215228049575,1.302945949436448,3.8515595280999646,-69.3339314036086,1
0.723,-0.774,-0.0020998046875,0.1736872578464539,0.1736957100996776,-0.1246667359547567,1.0199823583832073,4.162451678196869,-82.7199363510696,1
0.593,-0.803,-0.0015495117187499,0.1650988753572435,0.1651021159507238,-0.2019522072118822,1.0668713705603752,3.591716536067812,-106.55105989383073,1
0.703,-0.789,-0.001472314453125,0.1731753799122132,0.1731774106983121,-0.2219412940271365,1.1457925607601611,4.059420897709794,-117.62257059335496,1
0.776,-0.916,-0.0012650390625,0.1776917875817319,0.1776919524921394,-0.2817568965955834,1.3521810573045343,4.36710829678304,-140.46360919557725,1
0.776,-0.776,-0.0018849121093749,0.1765486425924108,0.1765543943106221,-0.2644840457399759,1.3395346736907463,4.395246026189184,-93.66717600915835,1
0.776,-0.996,-0.0023139160156249,0.1930285280444134,0.1930376841701268,-0.3602772031223151,1.829584687756228,4.019940476058034,-83.4246717973411,1
0.596,-0.789,-0.002242138671875,0.1769077496439664,0.1769176388259078,-0.3392905753716014,1.367551324779105,3.3687991991939343,-78.90575237166733,1
0.667,-0.928,-0.000904736328125,0.1710168080260022,0.1710150259811345,-0.3344528059643,1.6961330874275244,3.900242076234752,-189.0219511087288,1
0.764,-0.872,-0.0021499511718749,0.1751468882606917,0.1751558074537228,-0.3292228379985793,1.7443230739526134,4.361830824261155,-81.46966765806464,1
0.903,-0.93,-0.002174462890625,0.1699287637150809,0.1699385273449545,-0.4507385887461719,2.254546831550972,5.313686155270839,-78.15195562896436,1
0.852,-0.894,-0.0016375,0.1755179201671992,0.1755212735837703,-0.4856802983049026,2.0625354548425143,4.854112453744072,-107.18856402062308,1
0.745,-0.876,-0.0021989257812499,0.1695859443697445,0.1695960599045751,-0.4971247788873597,2.11407082506778,4.392790731218527,-77.12677769786606,1
0.803,-0.959,-0.001822509765625,0.1845936262894594,0.1845981164573717,-0.5200199529360089,2.4102977735528883,4.349990213391114,-101.28786135423906,1
0.898,-0.911,-0.00178720703125,0.1796488015855945,0.1796533054420374,-0.4342887512023125,2.007656983635994,4.998516435812125,-100.5218210877254,1
0.803,-0.94,-0.0018041015624999,0.1715636222259431,0.1715689192218938,-0.2935867788083429,1.3130903683003066,4.680334897729713,-95.09936845470357,1
0.833,-0.825,-0.0018101074218749,0.1692392523406641,0.1692448004821252,-0.1767233383937562,1.0760287271229307,4.921864645927349,-93.49986549793437,1
0.667,-0.735,-0.0023198242187499,0.1579564141727945,0.1579695922949849,-0.0888312670095494,0.710843916563765,4.222331591224696,-68.09550095140582,1
0.654,-0.706,-0.001451171875,0.1509257192841444,0.1509290111484535,0.0068657161420286,0.8782726495265445,4.333162955375934,-104.00491750741344,1
0.713,-0.63,-0.0020504394531249,0.1583258624157936,0.1583352741280449,0.0767401754125673,0.5089610142522525,4.503102697276417,-77.2201656024185,1
0.718,-0.691,-0.00208154296875,0.1704971546429928,0.1705056983331129,0.0681110925708116,0.359527576770696,4.211002957785379,-81.91312929538242,1
0.718,-0.632,-0.00175576171875,0.1676975311453614,0.1677026281379484,-0.0004317972799639,0.3974701340469315,4.281387882659712,-95.51559664789984,1
0.815,-0.859,-0.0023124511718749,0.1796100139155189,0.179620514824179,0.0025739616197918,0.529897933948607,4.53734363693234,-77.6753762452583,1
0.835,-0.947,-0.00197138671875,0.1920401298094494,0.192045559881796,-0.0056293177451003,0.7567380512257165,4.34792660925846,-97.41648254765896,1
0.854,-0.847,-0.00196484375,0.1999914435749039,0.1999962128547688,-0.0392452473405247,0.8605588476666872,4.270080857081773,-101.78733695988234,1
0.991,-1.003,-0.001583837890625,0.2244571771382736,0.2244572852468607,-0.1066838626330893,1.4309353250574572,4.4150939405245255,-141.7173351991771,1
1.169,-1.211,-0.0017422851562499,0.2659303027363113,0.2659295177268546,-0.1112460713594258,2.1878492358252286,4.395901628343192,-152.6326025179638,1
0.969,-1.064,-0.002080859375,0.2011522608555783,0.2011581127574153,-0.1629733176714635,1.815754481286178,4.817106239053635,-96.67069056860956,1
0.837,-1.028,-0.0024331542968749,0.1968993615689762,0.1969095878595443,-0.1359842149632056,1.427976739542423,4.25068179309294,-80.92770282281049,1
0.823,-0.964,-0.0017133300781249,0.1955948702978301,0.1955975990444492,-0.1275224977678493,1.190303325277382,4.207618109938939,-114.16223968851553,1
0.647,-0.786,-0.00167568359375,0.1664684319896294,0.1664728015393017,-0.0448382223157522,0.706571904663289,3.886520765058747,-99.34620244550668,1
0.676,-0.806,-0.00241708984375,0.1623864408760996,0.1624004647083868,-0.0248188343127568,0.836139990381596,4.162549665198645,-67.18842707825466,1
0.708,-0.833,-0.0018973632812499,0.1700628910041952,0.1700693232391757,-0.0455092426864391,0.807604503047687,4.163008275186168,-89.63456019193785,1
0.64,-0.776,-0.0024394531249999,0.1630686897420588,0.1630829546508654,0.1172286094824449,0.2382792602741088,3.9243831543899694,-66.85226003302093,1
0.818,-0.825,-0.0014825683593749,0.1979874474208963,0.197988164621217,-0.0040038452665606,0.6915147205492227,4.131560093831692,-133.5440375273367,1
0.759,-0.83,-0.002016015625,0.1884701458742922,0.1884763268457076,-0.054033685121413,0.6428018761016459,4.02703094177626,-93.48951690079664,1
0.955,-1.118,-0.001586474609375,0.2154366976504679,0.2154372793596563,-0.0800717115150547,1.4582761855219075,4.432844690754282,-135.79623530472324,1
0.71,-1.021,-0.00183427734375,0.183846376860003,0.1838510388662177,-0.1466615098300895,0.8851982252492632,3.86182207279581,-100.23077452963156,1
0.693,-0.728,-0.0016881835937499,0.1638711268502423,0.1638758217704414,0.1206022978501234,0.2641609762527941,4.228811746071728,-97.07227482670916,1
0.647,-0.696,-0.002101708984375,0.1583112526464782,0.1583213382414958,0.0539897188280007,0.3265831721417136,4.086625385979856,-75.32980989210402,1
0.593,-0.769,-0.0019110351562499,0.1611960965633045,0.1612034889316915,-0.2505389683442628,0.5959271212416639,3.678580432283808,-84.35401536412293,1
